{
    "user_id": "20",
    "name": "Ibrahim Adel",
    "age": 85,
    "weight": 85.0,
    "height": 175.0,
    "goal": "gain",
    "activity_level": "sedentary",
    "created_at": "2025-09-14 10:11:10",
    "language": "en",
    "chats": [
        {
            "user": "'test_mic'",
            "bot": "Your microphone test was successful.  How can I help you with your nutrition and fitness goals today?",
            "timestamp": "2025-09-14 10:53:01"
        },
        {
            "user": "'voice'",
            "bot": "Given your age and sedentary lifestyle, it's crucial to focus on a balanced diet prioritizing nutrient-dense foods over calorie-dense options like hushpuppies.  The pupusas and caraway cheese offer more protein, but portion control is key.  We need to discuss your overall dietary intake and activity levels to create a safe and effective plan.  Let's schedule a consultation to assess your needs and develop a personalized approach.",
            "timestamp": "2025-09-14 10:54:05"
        }
    ],
    "nutrition": {
        "BMR": 1524,
        "TDEE": 1828,
        "Goal Calories": 2228,
        "Goal": "Gain",
        "Macros": {
            "protein_g": 195,
            "carbs_g": 223,
            "fat_g": 62
        }
    },
    "gender": "male",
    "surplus": 400
}