{
    "user_id": "9",
    "name": "Ibrahim Adel",
    "age": 85,
    "weight": 75.0,
    "height": 172.0,
    "goal": "loss",
    "activity_level": "moderate",
    "created_at": "2025-09-14 10:31:56",
    "language": "en",
    "chats": [
        {
            "user": "tell me meal suggestion for high protein",
            "bot": "Focus on lean protein sources.  Consider grilled chicken or fish (if tolerated), lentils, or beans alongside vegetables for a balanced, high-protein meal.  Portion sizes should be adjusted based on individual needs and appetite.  Consult a doctor or registered dietitian before making significant dietary changes, especially at age 85.",
            "timestamp": "2025-09-14 10:33:03"
        }
    ],
    "nutrition": {
        "BMR": 1405,
        "TDEE": 2178,
        "Goal Calories": 1678,
        "Goal": "Loss",
        "Macros": {
            "protein_g": 168,
            "carbs_g": 126,
            "fat_g": 56
        }
    },
    "gender": "male",
    "surplus": 400
}