{
    "user_id": "202",
    "name": "Ibrahim Adel",
    "age": 85,
    "weight": 85.0,
    "height": 175.0,
    "goal": "maintenance",
    "activity_level": "moderate",
    "created_at": "2025-09-14 09:52:19",
    "language": "en",
    "chats": [
        {
            "user": "tell me meal suggestion for high protein",
            "bot": "Given your age and activity level, focus on easily digestible, high-protein foods.  A good meal option would be scrambled eggs (higher protein than the hash) with a small portion of corned beef hash.  Avoid excessive fat.  Consult your doctor before making significant dietary changes.",
            "timestamp": "2025-09-14 09:53:37"
        }
    ],
    "nutrition": {
        "BMR": 1524,
        "TDEE": 2362,
        "Goal Calories": 2362,
        "Goal": "Maintenance",
        "Macros": {
            "protein_g": 177,
            "carbs_g": 236,
            "fat_g": 79
        }
    },
    "gender": "male",
    "surplus": 400,
    "image_analyses": [
        {
            "analysis": "It's impossible to give exact calorie counts for each food item in the image without knowing precise weights and preparation methods.  However, I can provide estimates and nutritional advice based on common portion sizes. Remember that these are approximations, and individual calorie counts can vary.  Always check nutrition labels for packaged foods.\n\n**Food Items & Estimated Calories (Approximate):**\n\n* **Salmon (4oz):** 200-250 calories.  Rich in Omega-3 fatty acids, protein.\n* **Chicken Breast (4oz):** 130-150 calories. Lean protein source.\n* **Shrimp (4 large):** 60-80 calories. Good source of protein and iodine.\n* **Beef Steak (4oz):** 200-250 calories (depending on fat content).  Good source of iron and protein; choose lean cuts.\n* **Avocado (½):** 160 calories.  Healthy fats, fiber.\n* **Egg (1 large):** 70-80 calories.  Excellent source of protein and choline.\n* **Yogurt (1 cup plain, nonfat):** 100-120 calories.  Protein, calcium, probiotics (if live and active cultures).\n* **Blueberries (1 cup):** 80 calories.  Antioxidants, fiber.\n* **Lentils (½ cup cooked):** 115 calories.  Fiber, protein, iron.\n* **Soybeans (½ cup cooked):** 150 calories.  Protein, fiber, iron.\n* **Kidney Beans (½ cup cooked):** 110 calories.  Fiber, protein, iron.\n* **Walnuts (¼ cup):** 200 calories. Healthy fats, fiber.\n* **Hazelnuts (¼ cup):** 200 calories.  Healthy fats, fiber.\n* **Pistachios (¼ cup):** 190 calories. Healthy fats, fiber.\n* **Dates (4-5 med):** 150-200 calories. Natural sugars, fiber.\n* **Zucchini (1 medium):** 20 calories.  Vitamins, fiber.\n* **Bell Pepper (½):** 15 calories.  Vitamins, fiber.\n* **Tomatoes (3 medium):** 30 calories.  Vitamins, antioxidants.\n* **Broccoli (1 cup):** 50 calories.  Vitamins, fiber.\n* **Pumpkin (¼ cup):** 25 calories.  Vitamins, fiber.\n* **Corn (1 ear):** 125-150 calories. Vitamins, fiber.\n* **Olive Oil (1 tbsp):** 120 calories.  Healthy fats.\n* **Pumpkin Seeds (1/4 cup):** 200 Calories.  Healthy fats, fiber.\n\n\n**Total Estimated Calories (based on all items shown):** Approximately 2800-3200 calories.  (This is a VERY rough estimate and depends heavily on portion sizes and the precise types of items shown.)\n\n**Basic Nutrition Advice:**\n\n* **Portion Control:** The image depicts a substantial quantity of food.  Pay attention to portion sizes to manage calorie intake.\n* **Balance:**  The image shows a variety of foods from different food groups, which is a good start. Aim for a balanced diet including lean proteins, whole grains, fruits, vegetables, and healthy fats.  Limit processed foods, added sugars, and unhealthy fats.\n* **Variety:**  Eating a wide variety of foods helps ensure you're getting all the nutrients your body needs.\n* **Hydration:** Drink plenty of water throughout the day.\n* **Consult a professional:**  For personalized dietary advice, consult a registered dietitian or other qualified healthcare professional. They can help you create a meal plan that meets your individual needs and goals.\n\n\n**Disclaimer:** This calorie analysis is an estimate.  The actual calorie count could be higher or lower depending on serving sizes, preparation methods, and specific food items.  This information should not be considered medical or dietary advice. Consult with a healthcare professional for any dietary concerns.",
            "timestamp": "2025-09-14 09:55:27"
        }
    ]
}