{
    "user_id": "58",
    "name": "Ibrahim Adel",
    "age": 85,
    "weight": 85.0,
    "height": 172.0,
    "goal": "gain",
    "activity_level": "sedentary",
    "created_at": "2025-09-14 10:28:58",
    "language": "en",
    "chats": [],
    "nutrition": {
        "BMR": 1505,
        "TDEE": 1806,
        "Goal Calories": 2206,
        "Goal": "Gain",
        "Macros": {
            "protein_g": 193,
            "carbs_g": 221,
            "fat_g": 61
        }
    },
    "gender": "male",
    "surplus": 400
}