{
    "user_id": "96",
    "name": "Mahmoud",
    "age": 85,
    "weight": 95.0,
    "height": 175.0,
    "goal": "loss",
    "activity_level": "sedentary",
    "created_at": "2025-09-14 10:40:15",
    "language": "en",
    "chats": [],
    "nutrition": {
        "BMR": 1624,
        "TDEE": 1948,
        "Goal Calories": 1448,
        "Goal": "Loss",
        "Macros": {
            "protein_g": 145,
            "carbs_g": 109,
            "fat_g": 48
        }
    },
    "gender": "male",
    "surplus": 400
}